name,category,primary_country,country_tags,is_international,langlinks_count,justification,validation,person_id
Ada Lovelace,culture,GB,"GB, international",YES,112,112 Wikipedia languages | Known nationality: GB | International (20+ langs),,69136cc19a7ab512fd98e83b
Adele,culture,GB,"GB, international",YES,115,115 Wikipedia languages | Known nationality: GB | International (20+ langs),,69be73afd197e3104fe845ee
Angela Merkel,politics,DE,"DE, international",YES,172,172 Wikipedia languages | Known nationality: DE | International (20+ langs),,69136cb59a7ab512fd98e811
Angelina Jolie,culture,US,"US, international",YES,142,142 Wikipedia languages | Known nationality: US | International (20+ langs),,69bd7ff56b16a3aa0301ebbc
Ariana Grande,culture,US,"US, international",YES,123,123 Wikipedia languages | Known nationality: US | International (20+ langs),,69be73afd197e3104fe845e4
BTS,culture,KR,"KR, international",YES,115,115 Wikipedia languages | Known nationality: KR | International (20+ langs),,69be73afd197e3104fe845e8
Bad Bunny,culture,PR,"PR, international",YES,59,59 Wikipedia languages | Known nationality: PR | International (20+ langs),,69be73afd197e3104fe845e7
Barack Obama,politics,US,"US, international",YES,254,254 Wikipedia languages | Known nationality: US | International (20+ langs),,69136cb59a7ab512fd98e80b
Benjamin Netanyahu,politics,IL,"IL, international",YES,131,131 Wikipedia languages | Known nationality: IL | International (20+ langs),,69be73afd197e3104fe8460f
Bernard Arnault,business,FR,"FR, international",YES,62,62 Wikipedia languages | Known nationality: FR | International (20+ langs),,69be73afd197e3104fe845dd
Beyoncé,culture,US,"US, international",YES,154,154 Wikipedia languages | Known nationality: US | International (20+ langs),,69136cb59a7ab512fd98e807
Bill Gates,business,US,"US, international",YES,178,178 Wikipedia languages | Known nationality: US | International (20+ langs),,69be73afd197e3104fe845d6
Billie Eilish,culture,US,"US, international",YES,102,102 Wikipedia languages | Known nationality: US | International (20+ langs),,69be73afd197e3104fe845e6
Bob Iger,business,US,"US, international",YES,35,35 Wikipedia languages | Known nationality: US | International (20+ langs),,69be73afd197e3104fe845db
Brad Pitt,other,US,"US, international",YES,126,126 Wikipedia languages | Known nationality: US | International (20+ langs),,69bd7fe56b16a3aa0301ebba
Bruno Mars,culture,US,"US, international",YES,97,97 Wikipedia languages | Known nationality: US | International (20+ langs),,69be73afd197e3104fe845ef
Chris Hemsworth,culture,AU,"AU, international",YES,85,85 Wikipedia languages | Known nationality: AU | International (20+ langs),,69be73afd197e3104fe845f5
Conor McGregor,sport,IE,"IE, international",YES,65,65 Wikipedia languages | Known nationality: IE | International (20+ langs),,69be73afd197e3104fe84609
Cristiano Ronaldo,sport,PT,"PT, international",YES,179,179 Wikipedia languages | Known nationality: PT | International (20+ langs),,69136cb59a7ab512fd98e809
Denzel Washington,culture,US,"US, international",YES,99,99 Wikipedia languages | Known nationality: US | International (20+ langs),,69be73afd197e3104fe845f3
Donald Trump,politics,US,"US, international",YES,258,258 Wikipedia languages | Known nationality: US | International (20+ langs),,69136cb59a7ab512fd98e80c
Drake,culture,CA,"CA, international",YES,33,33 Wikipedia languages | Known nationality: CA | International (20+ langs),,69be73afd197e3104fe845e3
Dua Lipa,culture,GB,"GB, AL, international",YES,99,99 Wikipedia languages | Known nationality: GB | International (20+ langs),,69be73afd197e3104fe845e9
Dwayne Johnson,culture,US,"US, international",YES,103,103 Wikipedia languages | Known nationality: US | International (20+ langs),,69be73afd197e3104fe845f6
Ed Sheeran,culture,GB,"GB, international",YES,87,87 Wikipedia languages | Known nationality: GB | International (20+ langs),,69be73afd197e3104fe845e5
Elon Musk,business,US,"US, ZA, international",YES,159,159 Wikipedia languages | Known nationality: US | International (20+ langs),,69136cb59a7ab512fd98e7ff
Emmanuel Macron,politics,FR,"FR, international",YES,165,165 Wikipedia languages | Known nationality: FR | International (20+ langs),,69136cb59a7ab512fd98e80f
Erling Haaland,sport,NO,"NO, international",YES,80,80 Wikipedia languages | Known nationality: NO | International (20+ langs),,69be73afd197e3104fe845ff
Giorgia Meloni,politics,IT,"IT, international",YES,105,105 Wikipedia languages | Known nationality: IT | International (20+ langs),,69be73afd197e3104fe84611
Greta Thunberg,culture,SE,"SE, international",YES,124,124 Wikipedia languages | Known nationality: SE | International (20+ langs),,69136cb59a7ab512fd98e80a
Hillary Clinton,politics,US,"US, international",YES,146,146 Wikipedia languages | Known nationality: US | International (20+ langs),,69be73afd197e3104fe84619
Jack Ma,business,CN,"CN, international",YES,79,79 Wikipedia languages | Known nationality: CN | International (20+ langs),,69be73afd197e3104fe845e0
Jamie Dimon,business,US,"US, international",YES,28,28 Wikipedia languages | Known nationality: US | International (20+ langs),,69be73afd197e3104fe845dc
Javier Milei,politics,AR,"AR, international",YES,75,75 Wikipedia languages | Known nationality: AR | International (20+ langs),,69be73afd197e3104fe84614
Jeff Bezos,business,US,"US, international",YES,99,99 Wikipedia languages | Known nationality: US | International (20+ langs),,69136cb59a7ab512fd98e813
Jennifer Lawrence,culture,US,"US, international",YES,109,109 Wikipedia languages | Known nationality: US | International (20+ langs),,69be73afd197e3104fe845f4
Jensen Huang,business,US,"US, TW, international",YES,41,41 Wikipedia languages | Known nationality: US | International (20+ langs),,69be73afd197e3104fe845d9
Joe Biden,politics,US,"US, international",YES,228,228 Wikipedia languages | Known nationality: US | International (20+ langs),,69136cb59a7ab512fd98e80d
Justin Bieber,culture,CA,"CA, international",YES,159,159 Wikipedia languages | Known nationality: CA | International (20+ langs),,69be73afd197e3104fe845ec
Justin Trudeau,politics,CA,"CA, international",YES,122,122 Wikipedia languages | Known nationality: CA | International (20+ langs),,69be73afd197e3104fe8460d
Kamala Harris,politics,US,"US, international",YES,161,161 Wikipedia languages | Known nationality: US | International (20+ langs),,69136cb59a7ab512fd98e80e
Kanye West,culture,US,"US, international",YES,91,91 Wikipedia languages | Known nationality: US | International (20+ langs),,69be73afd197e3104fe845e1
Kevin Durant,sport,US,"US, international",YES,70,70 Wikipedia languages | Known nationality: US | International (20+ langs),,69be73afd197e3104fe84601
King Charles III,politics,GB,"GB, international",YES,159,159 Wikipedia languages | Known nationality: GB | International (20+ langs),,69be73afd197e3104fe84615
Kylian Mbappé,sport,FR,"FR, international",YES,111,111 Wikipedia languages | Known nationality: FR | International (20+ langs),,69bd7fee6b16a3aa0301ebbb
Lady Gaga,culture,US,"US, international",YES,171,171 Wikipedia languages | Known nationality: US | International (20+ langs),,69be73afd197e3104fe845eb
Larry Ellison,business,US,"US, international",YES,66,66 Wikipedia languages | Known nationality: US | International (20+ langs),,69be73afd197e3104fe845de
Larry Page,business,US,"US, international",YES,91,91 Wikipedia languages | Known nationality: US | International (20+ langs),,69be73afd197e3104fe845d7
LeBron James,sport,US,"US, international",YES,96,96 Wikipedia languages | Known nationality: US | International (20+ langs),,69136cb59a7ab512fd98e817
Leonardo DiCaprio,culture,US,"US, international",YES,126,126 Wikipedia languages | Known nationality: US | International (20+ langs),,69be73afd197e3104fe845f1
Lewis Hamilton,sport,GB,"GB, international",YES,95,95 Wikipedia languages | Known nationality: GB | International (20+ langs),,69be73afd197e3104fe845f9
Lionel Messi,sport,AR,"AR, international",YES,188,188 Wikipedia languages | Known nationality: AR | International (20+ langs),,69136cb59a7ab512fd98e808
Lula da Silva,politics,BR,"BR, international",YES,127,127 Wikipedia languages | Known nationality: BR | International (20+ langs),,69be73afd197e3104fe84613
Malala Yousafzai,culture,PK,"PK, GB, international",YES,127,127 Wikipedia languages | Known nationality: PK | International (20+ langs),,69136cb59a7ab512fd98e818
Mark Zuckerberg,business,US,"US, international",YES,142,142 Wikipedia languages | Known nationality: US | International (20+ langs),,69136cb59a7ab512fd98e802
Max Verstappen,sport,NL,"NL, BE, international",YES,91,91 Wikipedia languages | Known nationality: NL | International (20+ langs),,69be73afd197e3104fe84607
Meryl Streep,culture,US,"US, international",YES,113,113 Wikipedia languages | Known nationality: US | International (20+ langs),,69be73afd197e3104fe845f2
Michael Bloomberg,business,US,"US, international",YES,71,71 Wikipedia languages | Known nationality: US | International (20+ langs),,69be73afd197e3104fe845df
Michael Phelps,sport,US,"US, international",YES,99,99 Wikipedia languages | Known nationality: US | International (20+ langs),,69be73afd197e3104fe84603
Michelle Obama,politics,US,"US, international",YES,111,111 Wikipedia languages | Known nationality: US | International (20+ langs),,69be73afd197e3104fe84618
Mike Tyson,sport,US,"US, international",YES,90,90 Wikipedia languages | Known nationality: US | International (20+ langs),,69be73afd197e3104fe8460a
Mohamed Salah,sport,EG,"EG, international",YES,95,95 Wikipedia languages | Known nationality: EG | International (20+ langs),,69be73afd197e3104fe8460b
Naomi Osaka,sport,JP,"JP, US, international",YES,74,74 Wikipedia languages | Known nationality: JP | International (20+ langs),,69be73afd197e3104fe84606
Narendra Modi,politics,IN,"IN, international",YES,147,147 Wikipedia languages | Known nationality: IN | International (20+ langs),,69be73afd197e3104fe8460e
Neymar Jr.,sport,BR,"BR, international",YES,139,139 Wikipedia languages | Known nationality: BR | International (20+ langs),,69be73afd197e3104fe845fe
Novak Djokovic,sport,RS,"RS, international",YES,134,134 Wikipedia languages | Known nationality: RS | International (20+ langs),,69be73afd197e3104fe845fc
Olaf Scholz,politics,DE,"DE, international",YES,108,108 Wikipedia languages | Known nationality: DE | International (20+ langs),,69be73afd197e3104fe84610
Oprah Winfrey,culture,US,"US, international",YES,102,102 Wikipedia languages | Known nationality: US | International (20+ langs),,69136cb59a7ab512fd98e805
Patrick Mahomes,sport,US,"US, international",YES,31,31 Wikipedia languages | Known nationality: US | International (20+ langs),,69be73afd197e3104fe84608
Pedro Sánchez,politics,ES,"ES, international",YES,85,85 Wikipedia languages | Known nationality: ES | International (20+ langs),,69be73afd197e3104fe84612
Pope Francis,culture,AR,"AR, IT, international",YES,182,182 Wikipedia languages | Known nationality: AR | International (20+ langs),,69136cb59a7ab512fd98e819
Prince William,politics,GB,"GB, international",YES,102,102 Wikipedia languages | Known nationality: GB | International (20+ langs),,69be73afd197e3104fe84617
Queen Elizabeth II,politics,GB,"GB, international",YES,213,213 Wikipedia languages | Known nationality: GB | International (20+ langs),,69be73afd197e3104fe84616
Rafael Nadal,sport,ES,"ES, international",YES,134,134 Wikipedia languages | Known nationality: ES | International (20+ langs),,69be73afd197e3104fe845fd
Reed Hastings,business,US,"US, international",YES,23,23 Wikipedia languages | Known nationality: US | International (20+ langs),,69136cb59a7ab512fd98e815
Rihanna,culture,BB,"BB, international",YES,138,138 Wikipedia languages | Known nationality: BB | International (20+ langs),,69be73afd197e3104fe845e2
Rishi Sunak,politics,GB,"GB, international",YES,126,126 Wikipedia languages | Known nationality: GB | International (20+ langs),,69136cb59a7ab512fd98e810
Robert Downey Jr.,culture,US,"US, international",YES,99,99 Wikipedia languages | Known nationality: US | International (20+ langs),,69be73afd197e3104fe845f8
Roger Federer,sport,CH,"CH, international",YES,139,139 Wikipedia languages | Known nationality: CH | International (20+ langs),,69be73afd197e3104fe845fa
Sam Altman,business,US,"US, international",YES,61,61 Wikipedia languages | Known nationality: US | International (20+ langs),,69be73afd197e3104fe845da
Satya Nadella,business,US,"US, IN, international",YES,54,54 Wikipedia languages | Known nationality: US | International (20+ langs),,69136cb59a7ab512fd98e803
Scarlett Johansson,culture,US,"US, international",YES,137,137 Wikipedia languages | Known nationality: US | International (20+ langs),,69be73afd197e3104fe845f7
Serena Williams,sport,US,"US, international",YES,104,104 Wikipedia languages | Known nationality: US | International (20+ langs),,69136cb59a7ab512fd98e816
Sergey Brin,business,US,"US, RU, international",YES,87,87 Wikipedia languages | Known nationality: US | International (20+ langs),,69be73afd197e3104fe845d8
Shakira,culture,CO,"CO, international",YES,149,149 Wikipedia languages | Known nationality: CO | International (20+ langs),,69be73afd197e3104fe845ed
Sheryl Sandberg,business,US,"US, international",YES,53,53 Wikipedia languages | Known nationality: US | International (20+ langs),,69136cb59a7ab512fd98e814
Simone Biles,sport,US,"US, international",YES,61,61 Wikipedia languages | Known nationality: US | International (20+ langs),,69be73afd197e3104fe84604
Stephen Curry,sport,US,"US, international",YES,70,70 Wikipedia languages | Known nationality: US | International (20+ langs),,69be73afd197e3104fe84600
Sundar Pichai,business,US,"US, IN, international",YES,63,63 Wikipedia languages | Known nationality: US | International (20+ langs),,69136cb59a7ab512fd98e801
Taylor Swift,culture,US,"US, international",YES,153,153 Wikipedia languages | Known nationality: US | International (20+ langs),,69136cb59a7ab512fd98e806
The Weeknd,culture,CA,"CA, international",YES,67,67 Wikipedia languages | Known nationality: CA | International (20+ langs),,69be73afd197e3104fe845ea
Tiger Woods,sport,US,"US, international",YES,85,85 Wikipedia languages | Known nationality: US | International (20+ langs),,69be73afd197e3104fe84605
Tim Cook,business,US,"US, international",YES,66,66 Wikipedia languages | Known nationality: US | International (20+ langs),,69136cb59a7ab512fd98e800
Tom Brady,sport,US,"US, international",YES,51,51 Wikipedia languages | Known nationality: US | International (20+ langs),,69be73afd197e3104fe845fb
Tom Cruise,other,US,"US, international",YES,111,111 Wikipedia languages | Known nationality: US | International (20+ langs),,69be7ba490500170a07252c1
Tom Hanks,culture,US,"US, international",YES,119,119 Wikipedia languages | Known nationality: US | International (20+ langs),,69be73afd197e3104fe845f0
Ursula von der Leyen,politics,DE,"DE, international",YES,98,98 Wikipedia languages | Known nationality: DE | International (20+ langs),,69136cb59a7ab512fd98e81c
Usain Bolt,sport,JM,"JM, international",YES,118,118 Wikipedia languages | Known nationality: JM | International (20+ langs),,69be73afd197e3104fe84602
Virat Kohli,sport,IN,"IN, international",YES,54,54 Wikipedia languages | Known nationality: IN | International (20+ langs),,69be73afd197e3104fe8460c
Vladimir Putin,politics,RU,"RU, international",YES,231,231 Wikipedia languages | Known nationality: RU | International (20+ langs),,69136cb59a7ab512fd98e81a
Volodymyr Zelenskyy,politics,UA,"UA, international",YES,172,172 Wikipedia languages | Known nationality: UA | International (20+ langs),,69136cb59a7ab512fd98e81b
Warren Buffett,business,US,"US, international",YES,103,103 Wikipedia languages | Known nationality: US | International (20+ langs),,69136cb59a7ab512fd98e804
Xi Jinping,politics,CN,"CN, international",YES,155,155 Wikipedia languages | Known nationality: CN | International (20+ langs),,69136cb59a7ab512fd98e812
Zendaya,culture,US,"US, international",YES,88,88 Wikipedia languages | Known nationality: US | International (20+ langs),,69724f6baabde3d610cdddd6
trump,other,??,,NO,0,No Wikipedia data,,69218d32eb5ca215ead893c1
